id,name,email,region,last_login,login_attempts,sig_image_path,creation_time,creator_id
33,defaultUser,defaultUser,United States,11/29/2018 04:21:16 UTC,4,,11/28/2018 18:12:00 UTC,1
35,dd,dd,Greenland,,0,,11/28/2018 19:08:47 UTC,6
38,sdf,sdf,Namibia,,0,,11/28/2018 19:09:09 UTC,6
40,,,United States,,0,,11/28/2018 19:09:22 UTC,6
41,,,Ireland,,0,,11/28/2018 19:09:35 UTC,6
42,,,Poland,,0,,11/28/2018 19:09:45 UTC,6
43,,,Russia,,0,,11/28/2018 19:10:15 UTC,6
44,,,Brazil,,0,,11/28/2018 19:10:40 UTC,6
45,,,South Africa,,0,,11/28/2018 19:10:52 UTC,6
46,,,South Korea,,0,,11/28/2018 19:11:02 UTC,6
47,lol,,United States,,0,,11/29/2018 21:50:49 UTC,6
48,k,k,Kazakhstan,,0,,11/29/2018 04:22:50 UTC,12
49,defaultAdmin,defaultAdmin,United States,,0,,11/29/2018 05:54:33 UTC,1
